timestamp_sec;position_x;position_y;position_z;heading;qx;qy;qz;qw;euler_x;euler_y;euler_z;linear_accel_x;linear_accel_y;linear_accel_z;angular_vel_x;angular_vel_y;angular_vel_z;linear_vel_x;linear_vel_y;linear_vel_z;heading;
1580258290.448804;586618.960299;4208094.024724;-9.144101;0.255310;0.004056;-0.005385;-0.611328;0.791349;-0.003564;0.013005;-1.315486;-0.191916;-0.294724;-0.265500;-0.027499;0.002658;-0.080071;2.727530;0.837111;0.036999;0.255310;
1580258291.335087;586621.289674;4208094.757434;-9.106126;0.230487;0.004718;-0.003134;-0.621095;0.783715;0.000949;0.011288;-1.340310;-0.417858;-0.203535;-0.089340;0.007782;-0.001262;-0.020608;2.447140;0.684901;0.018435;0.230487;
1580258291.343473;586621.314023;4208094.764790;-9.105802;0.230283;0.004757;-0.003115;-0.621175;0.783651;0.001028;0.011326;-1.340513;-0.429992;-0.207617;-0.133737;0.008255;-0.001593;-0.020429;2.442901;0.683150;0.016801;0.230283;
1580258291.351359;586621.338335;4208094.772117;-9.105503;0.230082;0.004793;-0.003113;-0.621253;0.783589;0.001078;0.011379;-1.340714;-0.432973;-0.178452;-0.191864;0.007131;-0.002835;-0.020206;2.439138;0.681235;0.014287;0.230082;
1580258291.366509;586621.362584;4208094.779633;-9.105038;0.229902;0.004821;-0.003127;-0.621324;0.783533;0.001091;0.011440;-1.340894;-0.926522;-0.356616;-0.020672;0.010354;-0.008157;-0.038564;2.434678;0.678553;0.016539;0.229902;
1580258291.373938;586621.386810;4208094.786915;-9.104725;0.229714;0.004849;-0.003126;-0.621397;0.783474;0.001129;0.011483;-1.341082;-0.454582;-0.204004;0.005013;0.004764;-0.003649;-0.018850;2.429998;0.676486;0.016490;0.229714;
1580258291.383198;586621.410975;4208094.794169;-9.104397;0.229524;0.004874;-0.003126;-0.621472;0.783415;0.001161;0.011522;-1.341273;-0.445106;-0.204655;0.094955;0.004319;-0.003304;-0.018931;2.425460;0.674352;0.018174;0.229524;
1580258291.391071;586621.435107;4208094.801414;-9.104054;0.229328;0.004902;-0.003129;-0.621548;0.783354;0.001192;0.011571;-1.341468;-0.462135;-0.158735;0.134462;0.004207;-0.003693;-0.019233;2.420872;0.673299;0.019936;0.229328;
1580258291.407512;586621.459156;4208094.808859;-9.103546;0.229133;0.004909;-0.003133;-0.621624;0.783294;0.001196;0.011586;-1.341664;-0.904455;-0.214125;0.388587;0.005543;-0.005538;-0.038729;2.415746;0.672243;0.022771;0.229133;
1580258291.415259;586621.483181;4208094.816066;-9.103162;0.228935;0.004915;-0.003141;-0.621702;0.783232;0.001191;0.011605;-1.341862;-0.501464;-0.081168;0.208337;0.000828;-0.002062;-0.019654;2.410392;0.670944;0.024772;0.228935;
1580258291.423701;586621.507168;4208094.823251;-9.102755;0.228732;0.004909;-0.003157;-0.621781;0.783169;0.001160;0.011615;-1.342064;-0.483956;-0.090653;0.230391;-0.001216;-0.001839;-0.019989;2.405594;0.669108;0.027217;0.228732;
1580258291.431195;586621.531086;4208094.830429;-9.102324;0.228542;0.004900;-0.003166;-0.621856;0.783110;0.001136;0.011612;-1.342254;-0.484671;-0.072007;0.231524;-0.001840;-0.001043;-0.019522;2.400338;0.668392;0.029572;0.228542;
1580258291.447161;586621.554938;4208094.837818;-9.101731;0.228345;0.004879;-0.003156;-0.621933;0.783049;0.001126;0.011566;-1.342451;-0.795568;-0.226104;0.424686;-0.003822;0.002427;-0.039181;2.396211;0.666920;0.031371;0.228345;
1580258291.455185;586621.578769;4208094.844974;-9.101279;0.228157;0.004863;-0.003145;-0.622007;0.782990;0.001125;0.011527;-1.342639;-0.373129;-0.135333;0.044251;-0.001310;0.003044;-0.019113;2.391806;0.665938;0.031135;0.228157;
1580258291.463258;586621.602561;4208094.852123;-9.100813;0.227960;0.004848;-0.003130;-0.622084;0.782929;0.001130;0.011487;-1.342836;-0.343743;-0.101298;0.086538;-0.000795;0.003598;-0.019422;2.388344;0.665580;0.032399;0.227960;
1580258291.471159;586621.626336;4208094.859267;-9.100357;0.227768;0.004837;-0.003123;-0.622159;0.782870;0.001129;0.011459;-1.343028;-0.325117;-0.067056;0.003053;-0.000800;0.003118;-0.019331;2.385506;0.665374;0.031639;0.227768;
1580258291.486067;586621.650028;4208094.866616;-9.099776;0.227582;0.004825;-0.003108;-0.622232;0.782812;0.001138;0.011423;-1.343214;-0.793237;-0.266416;-0.166933;-0.000972;0.006731;-0.037972;2.380467;0.663722;0.030063;0.227582;
1580258291.493907;586621.673712;4208094.873733;-9.099340;0.227395;0.004825;-0.003093;-0.622305;0.782754;0.001162;0.011404;-1.343402;-0.443651;-0.184776;-0.102661;0.001192;0.002818;-0.018812;2.376110;0.662463;0.028827;0.227395;
1580258291.502352;586621.697327;4208094.880825;-9.098915;0.227210;0.004819;-0.003075;-0.622378;0.782696;0.001186;0.011371;-1.343586;-0.529927;-0.202806;-0.111705;0.001404;0.003306;-0.018588;2.369891;0.660524;0.027694;0.227210;
1580258291.511774;586621.720898;4208094.887896;-9.098482;0.227031;0.004810;-0.003057;-0.622448;0.782641;0.001203;0.011335;-1.343765;-0.534911;-0.202807;-0.017041;0.001094;0.003618;-0.018231;2.364328;0.658471;0.028489;0.227031;
1580258291.526882;586621.744436;4208094.894940;-9.098066;0.226868;0.004813;-0.003056;-0.622512;0.782590;0.001209;0.011337;-1.343928;-0.494190;-0.216171;-0.054953;0.000917;0.001931;-0.017363;2.360657;0.656182;0.027494;0.226868;
1580258291.534819;586621.768175;4208094.901390;-9.097658;0.226753;0.004975;-0.002815;-0.622555;0.782555;0.001789;0.011293;-1.344043;-0.818009;-0.496322;-0.203113;0.001889;0.003951;-0.032944;2.357899;0.653258;0.026034;0.226753;
1580258291.543056;586621.791928;4208094.907510;-9.097412;0.226603;0.004983;-0.002799;-0.622614;0.782508;0.001825;0.011285;-1.344194;-0.344074;-0.246437;-0.076940;0.002412;0.001919;-0.015512;2.354906;0.651178;0.025344;0.226603;
1580258291.550232;586621.815627;4208094.913607;-9.097184;0.226445;0.004987;-0.002776;-0.622676;0.782459;0.001866;0.011262;-1.344351;-0.366484;-0.230244;-0.124089;0.002953;0.002515;-0.015616;2.350811;0.649071;0.023665;0.226445;
1580258291.566913;586621.839445;4208094.919293;-9.096965;0.226306;0.004997;-0.002770;-0.622730;0.782416;0.001889;0.011269;-1.344490;-0.934050;-0.471840;-0.181776;0.005344;0.003179;-0.029821;2.345823;0.646040;0.023130;0.226306;
1580258291.574789;586621.863064;4208094.925336;-9.096757;0.226158;0.005013;-0.002765;-0.622788;0.782370;0.001918;0.011287;-1.344638;-0.490937;-0.264125;-0.134031;0.003048;-0.000530;-0.014679;2.341568;0.643187;0.021495;0.226158;
1580258291.582814;586621.886636;4208094.931350;-9.096561;0.226012;0.005022;-0.002755;-0.622845;0.782325;0.001945;0.011289;-1.344784;-0.488482;-0.274887;-0.136819;0.002826;-0.000023;-0.014617;2.336528;0.640016;0.020101;0.226012;
1580258291.590832;586621.910150;4208094.937344;-9.096375;0.225873;0.005039;-0.002748;-0.622899;0.782281;0.001979;0.011308;-1.344923;-0.499595;-0.243100;-0.117147;0.003308;-0.000531;-0.014236;2.331730;0.637898;0.019128;0.225873;
1580258291.605728;586621.933805;4208094.942934;-9.096218;0.225733;0.005056;-0.002746;-0.622953;0.782238;0.002005;0.011331;-1.345063;-0.869082;-0.467054;-0.313270;0.006473;-0.002243;-0.028306;2.328541;0.635034;0.017091;0.225733;
1580258291.613947;586621.957235;4208094.948886;-9.096060;0.225593;0.005074;-0.002735;-0.623008;0.782194;0.002044;0.011345;-1.345204;-0.471173;-0.206539;-0.104867;0.003733;-0.000642;-0.014031;2.323500;0.633288;0.016349;0.225593;
1580258291.628227;586621.980630;4208094.954829;-9.095921;0.225447;0.005104;-0.002723;-0.623065;0.782149;0.002102;0.011378;-1.345349;-0.451390;-0.201785;-0.153115;0.005196;-0.001339;-0.014264;2.319564;0.631792;0.014479;0.225447;
1580258291.631113;586622.003988;4208094.960751;-9.095800;0.225315;0.005140;-0.002710;-0.623116;0.782107;0.002167;0.011418;-1.345481;-0.413942;-0.216426;-0.179200;0.006208;-0.001927;-0.013713;2.316133;0.629738;0.012454;0.225315;
1580258291.647145;586622.027463;4208094.966285;-9.095687;0.225167;0.005188;-0.002701;-0.623174;0.782061;0.002242;0.011481;-1.345630;-0.957706;-0.392148;-0.224454;0.014599;-0.005928;-0.028240;2.311368;0.628316;0.012231;0.225167;
1580258291.654976;586622.050736;4208094.972178;-9.095579;0.225017;0.005229;-0.002690;-0.623233;0.782014;0.002310;0.011531;-1.345780;-0.439935;-0.166520;-0.083467;0.007696;-0.003348;-0.014718;2.307355;0.626580;0.011479;0.225017;
1580258291.661941;586622.073961;4208094.978058;-9.095478;0.224866;0.005271;-0.002682;-0.623291;0.781968;0.002377;0.011587;-1.345930;-0.452787;-0.132501;-0.066071;0.007759;-0.003711;-0.014843;2.302982;0.625327;0.010947;0.224866;
1580258291.672916;586622.097137;4208094.983921;-9.095377;0.224719;0.005311;-0.002673;-0.623348;0.781922;0.002441;0.011638;-1.346077;-0.447079;-0.125432;-0.031972;0.007539;-0.003594;-0.014756;2.298583;0.623806;0.010952;0.224719;
1580258291.686824;586622.120453;4208094.989379;-9.095285;0.224561;0.005345;-0.002678;-0.623410;0.781872;0.002477;0.011699;-1.346235;-0.827252;-0.269407;-0.032710;0.012708;-0.008415;-0.030358;2.295512;0.621205;0.010940;0.224561;
1580258291.695230;586622.143549;4208094.995199;-9.095180;0.224409;0.005377;-0.002674;-0.623469;0.781825;0.002524;0.011743;-1.346387;-0.406826;-0.184946;0.049575;0.005789;-0.003750;-0.015213;2.291133;0.618682;0.011773;0.224409;
1580258291.702728;586622.166603;4208095.001007;-9.095066;0.224258;0.005411;-0.002661;-0.623528;0.781778;0.002587;0.011779;-1.346539;-0.439311;-0.200655;0.077716;0.006423;-0.002820;-0.015121;2.286104;0.616629;0.012807;0.224258;
1580258291.710758;586622.189596;4208095.006806;-9.094935;0.224100;0.005451;-0.002646;-0.623589;0.781729;0.002663;0.011823;-1.346696;-0.482822;-0.168072;0.124919;0.007426;-0.002720;-0.015388;2.280885;0.615532;0.014557;0.224100;
1580258291.726240;586622.212702;4208095.012201;-9.094803;0.223936;0.005480;-0.002635;-0.623653;0.781678;0.002715;0.011854;-1.346860;-1.003502;-0.279858;0.235105;0.013515;-0.004730;-0.031650;2.275489;0.613458;0.015545;0.223936;
1580258291.734709;586622.235596;4208095.017959;-9.094650;0.223781;0.005515;-0.002620;-0.623714;0.781629;0.002784;0.011890;-1.347016;-0.519353;-0.211918;0.137890;0.007102;-0.002067;-0.015612;2.270264;0.611089;0.017129;0.223781;
1580258291.743526;586622.258439;4208095.023707;-9.094481;0.223628;0.005553;-0.002597;-0.623773;0.781582;0.002868;0.011920;-1.347168;-0.503060;-0.187330;0.139828;0.008093;-0.001512;-0.015342;2.265157;0.609657;0.018586;0.223628;
1580258291.751745;586622.281215;4208095.029441;-9.094294;0.223476;0.005582;-0.002568;-0.623832;0.781534;0.002951;0.011930;-1.347320;-0.521013;-0.142292;0.166912;0.008233;-0.000316;-0.015215;2.259261;0.608515;0.020543;0.223476;
1580258291.767161;586622.304100;4208095.034770;-9.094109;0.223321;0.005614;-0.002539;-0.623892;0.781486;0.003038;0.011943;-1.347475;-1.058992;-0.371853;0.221797;0.016905;0.000230;-0.030679;2.253832;0.605732;0.020781;0.223321;
1580258291.776255;586622.326764;4208095.040462;-9.093902;0.223176;0.005642;-0.002502;-0.623949;0.781441;0.003130;0.011941;-1.347620;-0.522294;-0.184153;0.124443;0.008764;0.001474;-0.014694;2.248023;0.603874;0.022350;0.223176;
1580258291.781868;586622.349375;4208095.046141;-9.093675;0.223031;0.005671;-0.002458;-0.624005;0.781396;0.003238;0.011931;-1.347765;-0.544863;-0.207190;0.169316;0.009601;0.002544;-0.014506;2.241945;0.601796;0.024442;0.223031;
1580258291.790689;586622.371929;4208095.051796;-9.093447;0.222893;0.005702;-0.002418;-0.624059;0.781353;0.003339;0.011929;-1.347903;-0.527562;-0.195837;0.099439;0.009726;0.002451;-0.014108;2.236946;0.599775;0.024747;0.222893;
1580258291.806813;586622.394426;4208095.057432;-9.093215;0.222755;0.005726;-0.002378;-0.624112;0.781310;0.003432;0.011917;-1.348041;-0.544194;-0.175405;0.060009;0.009301;0.002824;-0.013905;2.231193;0.597826;0.024866;0.222755;
1580258291.816710;586622.417038;4208095.062664;-9.092971;0.222620;0.005760;-0.002337;-0.624165;0.781268;0.003539;0.011917;-1.348177;-1.086996;-0.445447;0.184313;0.019436;0.005516;-0.027514;2.226172;0.594626;0.026274;0.222620;
1580258291.824329;586622.439426;4208095.068257;-9.092716;0.222495;0.005787;-0.002290;-0.624213;0.781229;0.003647;0.011901;-1.348301;-0.563036;-0.217051;0.083793;0.010059;0.003242;-0.012882;2.219967;0.592485;0.027029;0.222495;
1580258291.830813;586622.461738;4208095.073827;-9.092453;0.222381;0.005806;-0.002234;-0.624258;0.781194;0.003759;0.011860;-1.348415;-0.577347;-0.207025;0.080126;0.010030;0.004870;-0.012050;2.213306;0.590258;0.027816;0.222381;
1580258291.845895;586622.484172;4208095.078982;-9.092204;0.222275;0.005836;-0.002204;-0.624299;0.781161;0.003843;0.011870;-1.348522;-1.236161;-0.453558;0.032588;0.018817;0.006394;-0.022869;2.207737;0.586789;0.027045;0.222275;
1580258291.855389;586622.506367;4208095.084488;-9.091934;0.222165;0.005848;-0.002167;-0.624342;0.781126;0.003918;0.011842;-1.348631;-0.653918;-0.226407;0.079425;0.007551;0.003751;-0.011003;2.200621;0.583592;0.028259;0.222165;
1580258291.862659;586622.528498;4208095.089972;-9.091658;0.222062;0.005865;-0.002129;-0.624382;0.781095;0.003998;0.011822;-1.348734;-0.681832;-0.243796;0.082848;0.007455;0.003712;-0.010535;2.193658;0.580735;0.029105;0.222062;
1580258291.870929;586622.550550;4208095.095427;-9.091388;0.221968;0.005878;-0.002088;-0.624418;0.781065;0.004080;0.011791;-1.348829;-0.681328;-0.251550;0.006189;0.007371;0.004305;-0.009957;2.186615;0.577865;0.028415;0.221968;
1580258291.888768;586622.572691;4208095.100467;-9.091115;0.221876;0.005892;-0.002057;-0.624454;0.781037;0.004146;0.011773;-1.348921;-1.511785;-0.539503;0.074637;0.013590;0.008005;-0.019210;2.178680;0.574108;0.029236;0.221876;
1580258291.894811;586622.594588;4208095.105864;-9.090831;0.221782;0.005905;-0.002023;-0.624491;0.781007;0.004215;0.011751;-1.349014;-0.798271;-0.244367;0.053324;0.006418;0.003502;-0.009341;2.170533;0.571502;0.029720;0.221782;
1580258291.902072;586622.616397;4208095.111238;-9.090543;0.221694;0.005914;-0.001981;-0.624525;0.780980;0.004293;0.011712;-1.349102;-0.821589;-0.242566;0.041380;0.006568;0.004633;-0.008992;2.161646;0.568929;0.030060;0.221694;
1580258291.910372;586622.638130;4208095.116578;-9.090251;0.221615;0.005925;-0.001950;-0.624556;0.780955;0.004356;0.011690;-1.349181;-0.826463;-0.258095;0.042994;0.006115;0.004082;-0.008416;2.153654;0.565738;0.030474;0.221615;
1580258291.926683;586622.659934;4208095.121514;-9.089968;0.221536;0.005929;-0.001909;-0.624586;0.780931;0.004426;0.011645;-1.349260;-1.664932;-0.518794;0.026482;0.011864;0.009630;-0.016306;2.144803;0.562700;0.030319;0.221536;
1580258291.935102;586622.681486;4208095.126807;-9.089666;0.221454;0.005939;-0.001865;-0.624618;0.780905;0.004507;0.011607;-1.349342;-0.875866;-0.264536;0.079290;0.006753;0.005396;-0.008089;2.135820;0.560075;0.031467;0.221454;
1580258291.942689;586622.702945;4208095.132074;-9.089365;0.221375;0.005944;-0.001816;-0.624649;0.780881;0.004590;0.011553;-1.349421;-0.891273;-0.260035;0.029306;0.006845;0.006322;-0.007919;2.126405;0.557323;0.031383;0.221375;
1580258291.950729;586622.724307;4208095.137311;-9.089068;0.221303;0.005945;-0.001771;-0.624677;0.780858;0.004662;0.011498;-1.349494;-0.913212;-0.238516;-0.008829;0.006339;0.006651;-0.007548;2.116959;0.554671;0.030900;0.221303;
1580258291.966813;586622.745749;4208095.142142;-9.088764;0.221221;0.005955;-0.001732;-0.624709;0.780833;0.004736;0.011465;-1.349575;-1.854387;-0.521867;0.088463;0.012665;0.011618;-0.015532;2.108097;0.551371;0.031967;0.221221;
1580258291.974680;586622.766922;4208095.147328;-9.088452;0.221145;0.005958;-0.001678;-0.624739;0.780809;0.004824;0.011401;-1.349652;-0.929705;-0.275144;0.037790;0.006972;0.007324;-0.007668;2.098113;0.548588;0.032334;0.221145;
1580258291.984380;586622.788004;4208095.152494;-9.088134;0.221066;0.005965;-0.001618;-0.624769;0.780785;0.004927;0.011337;-1.349731;-0.954576;-0.276070;0.046487;0.007871;0.007985;-0.007716;2.088126;0.546029;0.032909;0.221066;
1580258291.992039;586622.808980;4208095.157626;-9.087823;0.220986;0.005971;-0.001563;-0.624800;0.780760;0.005021;0.011276;-1.349810;-0.971785;-0.271247;-0.004869;0.007888;0.007996;-0.007799;2.078313;0.543146;0.032351;0.220986;
1580258292.006686;586622.830028;4208095.162345;-9.087517;0.220908;0.005971;-0.001514;-0.624831;0.780736;0.005098;0.011216;-1.349888;-1.990644;-0.531158;-0.002556;0.014138;0.015593;-0.015628;2.068390;0.539767;0.032432;0.220908;
1580258292.025772;586622.850808;4208095.167419;-9.087204;0.220833;0.005971;-0.001459;-0.624860;0.780713;0.005183;0.011147;-1.349963;-0.957480;-0.254628;-0.006388;0.006931;0.008302;-0.007480;2.058790;0.536923;0.032241;0.220833;
1580258292.036086;586622.871488;4208095.172460;-9.086899;0.220753;0.005967;-0.001408;-0.624891;0.780688;0.005260;0.011076;-1.350044;-0.975848;-0.265669;-0.054562;0.006375;0.008428;-0.007746;2.048914;0.533688;0.031293;0.220753;
1580258292.037512;586622.892079;4208095.177476;-9.086599;0.220677;0.005966;-0.001359;-0.624921;0.780664;0.005334;0.011014;-1.350120;-0.988545;-0.256333;-0.053385;0.006140;0.008098;-0.007631;2.039133;0.530872;0.030751;0.220677;
1580258292.046840;586622.912577;4208095.182463;-9.086299;0.220596;0.005962;-0.001318;-0.624952;0.780639;0.005395;0.010957;-1.350200;-0.977740;-0.241226;-0.032914;0.005458;0.007530;-0.007793;2.029840;0.528082;0.030622;0.220596;
1580258292.055061;586622.933141;4208095.187041;-9.086015;0.220518;0.005956;-0.001276;-0.624983;0.780615;0.005453;0.010895;-1.350278;-1.909298;-0.488978;-0.093163;0.010023;0.014813;-0.015663;2.020841;0.524849;0.029864;0.220518;
1580258292.062944;586622.953449;4208095.191969;-9.085734;0.220446;0.005953;-0.001236;-0.625011;0.780592;0.005512;0.010838;-1.350351;-0.959726;-0.280197;-0.090448;0.004705;0.007116;-0.007389;2.011387;0.521456;0.028668;0.220446;
1580258292.070841;586622.973667;4208095.196872;-9.085463;0.220367;0.005953;-0.001199;-0.625041;0.780568;0.005571;0.010793;-1.350429;-0.979271;-0.276674;-0.098156;0.004715;0.006389;-0.007567;2.001834;0.518504;0.027593;0.220367;
1580258292.087738;586622.993959;4208095.201371;-9.085203;0.220291;0.005962;-0.001169;-0.625071;0.780544;0.005629;0.010769;-1.350505;-1.950618;-0.531148;-0.153310;0.009825;0.010312;-0.015174;1.992947;0.515571;0.026986;0.220291;
1580258292.095488;586623.013982;4208095.206221;-9.084952;0.220217;0.005968;-0.001131;-0.625100;0.780521;0.005696;0.010730;-1.350579;-0.951958;-0.276954;-0.131270;0.005410;0.005222;-0.007410;1.983529;0.512796;0.025443;0.220217;
1580258292.102907;586623.033921;4208095.211046;-9.084711;0.220140;0.005975;-0.001098;-0.625130;0.780497;0.005757;0.010699;-1.350656;-0.932669;-0.244918;-0.118341;0.005320;0.004702;-0.007520;1.974685;0.510328;0.024344;0.220140;
1580258292.111638;586623.053767;4208095.215841;-9.084485;0.220070;0.005979;-0.001075;-0.625157;0.780475;0.005799;0.010677;-1.350726;-0.962972;-0.227476;-0.124395;0.004474;0.003878;-0.007235;1.965219;0.507582;0.022987;0.220070;
1580258292.126570;586623.073676;4208095.220220;-9.084258;0.220007;0.005984;-0.001056;-0.625182;0.780456;0.005834;0.010660;-1.350789;-1.972148;-0.521012;-0.070542;0.007681;0.006484;-0.013624;1.955614;0.503635;0.023803;0.220007;
1580258292.133438;586623.093328;4208095.224955;-9.084037;0.219943;0.005990;-0.001031;-0.625207;0.780436;0.005882;0.010639;-1.350853;-0.962224;-0.306774;-0.070043;0.004048;0.003113;-0.006509;1.946168;0.500346;0.022743;0.219943;
1580258292.141594;586623.112886;4208095.229665;-9.083824;0.219881;0.006000;-0.001000;-0.625231;0.780416;0.005942;0.010615;-1.350915;-0.933699;-0.296640;-0.087741;0.004788;0.003448;-0.006278;1.936957;0.497585;0.021757;0.219881;
1580258292.150749;586623.132352;4208095.234355;-9.083614;0.219825;0.006010;-0.000972;-0.625252;0.780399;0.005999;0.010597;-1.350971;-0.910872;-0.231401;-0.058828;0.004984;0.003226;-0.005908;1.928243;0.495775;0.021453;0.219825;
1580258292.166727;586623.151739;4208095.239024;-9.083415;0.219774;0.006018;-0.000957;-0.625272;0.780383;0.006031;0.010589;-1.351022;-0.903060;-0.166670;-0.070215;0.004067;0.002390;-0.005521;1.919770;0.494196;0.020560;0.219774;
1580258292.174690;586623.171205;4208095.243263;-9.083227;0.219718;0.006026;-0.000949;-0.625294;0.780365;0.006055;0.010592;-1.351078;-1.804790;-0.519738;-0.126195;0.006651;0.002895;-0.011135;1.911229;0.489110;0.019889;0.219718;
1580258292.182533;586623.190417;4208095.247870;-9.083037;0.219669;0.006039;-0.000925;-0.625313;0.780350;0.006108;0.010582;-1.351127;-0.844838;-0.298030;-0.054173;0.004287;0.001895;-0.005122;1.903206;0.486444;0.019542;0.219669;
1580258292.189800;586623.209539;4208095.252462;-9.082848;0.219622;0.006046;-0.000895;-0.625331;0.780335;0.006164;0.010555;-1.351175;-0.825019;-0.211415;-0.034319;0.004578;0.002887;-0.004918;1.894737;0.485093;0.019419;0.219622;
1580258292.206545;586623.228746;4208095.256640;-9.082682;0.219584;0.006053;-0.000883;-0.625346;0.780324;0.006192;0.010551;-1.351212;-1.718149;-0.403851;-0.148227;0.007617;0.004461;-0.008882;1.886730;0.482194;0.018152;0.219584;
1580258292.214438;586623.247705;4208095.261170;-9.082509;0.219547;0.006050;-0.000872;-0.625360;0.780312;0.006206;0.010533;-1.351249;-0.795879;-0.173289;-0.038955;0.001834;0.001840;-0.003861;1.878843;0.479590;0.017881;0.219547;
1580258292.222492;586623.266594;4208095.265683;-9.082345;0.219503;0.006051;-0.000859;-0.625378;0.780298;0.006228;0.010519;-1.351293;-0.764690;-0.197966;-0.064217;0.001825;0.001861;-0.004161;1.871517;0.477191;0.017036;0.219503;
1580258292.230469;586623.285422;4208095.270179;-9.082193;0.219451;0.006054;-0.000844;-0.625398;0.780282;0.006255;0.010503;-1.351345;-0.690264;-0.196874;-0.097892;0.002086;0.001973;-0.004649;1.865386;0.475140;0.015733;0.219451;
1580258292.246670;586623.304336;4208095.274280;-9.082054;0.219407;0.006053;-0.000832;-0.625415;0.780269;0.006273;0.010487;-1.351389;-1.422440;-0.311457;-0.179269;0.003607;0.004202;-0.009149;1.858226;0.473556;0.014892;0.219407;
1580258292.253484;586623.323030;4208095.278744;-9.081913;0.219370;0.006055;-0.000828;-0.625430;0.780257;0.006282;0.010486;-1.351427;-0.641997;-0.110293;-0.054123;0.001153;0.000807;-0.004005;1.852774;0.472087;0.014530;0.219370;
1580258292.261942;586623.341659;4208095.283188;-9.081784;0.219333;0.006048;-0.000822;-0.625444;0.780245;0.006283;0.010467;-1.351464;-0.603374;-0.126207;-0.080175;0.000323;0.001378;-0.003831;1.846834;0.470067;0.013496;0.219333;
1580258292.271050;586623.360221;4208095.287622;-9.081660;0.219291;0.006039;-0.000813;-0.625460;0.780232;0.006285;0.010441;-1.351505;-0.614691;-0.108914;-0.073881;0.000012;0.002003;-0.003995;1.840354;0.468773;0.012813;0.219291;
1580258292.286608;586623.378739;4208095.292050;-9.081535;0.219253;0.006039;-0.000816;-0.625475;0.780220;0.006282;0.010444;-1.351543;-0.606085;-0.084694;-0.037249;-0.000140;0.000933;-0.003903;1.834984;0.467911;0.012845;0.219253;
1580258292.294878;586623.397369;4208095.296075;-9.081441;0.219216;0.006039;-0.000822;-0.625490;0.780209;0.006272;0.010452;-1.351580;-1.155944;-0.251323;-0.187513;-0.000830;0.000142;-0.007642;1.830369;0.465503;0.011205;0.219216;
1580258292.302622;586623.415782;4208095.300484;-9.081333;0.219179;0.006040;-0.000816;-0.625504;0.780197;0.006283;0.010445;-1.351617;-0.483790;-0.085196;-0.036886;0.000341;0.000586;-0.003754;1.825880;0.465101;0.011202;0.219179;
1580258292.310225;586623.434142;4208095.304880;-9.081231;0.219139;0.006037;-0.000814;-0.625520;0.780185;0.006283;0.010438;-1.351657;-0.482277;-0.071084;-0.038182;0.000118;0.000637;-0.003887;1.821129;0.464196;0.010795;0.219139;
1580258292.326951;586623.452648;4208095.308885;-9.081142;0.219103;0.006040;-0.000821;-0.625534;0.780173;0.006276;0.010452;-1.351694;-0.823254;-0.165827;-0.096928;-0.000187;-0.000640;-0.007541;1.818656;0.462648;0.010070;0.219103;
1580258292.334766;586623.470937;4208095.313259;-9.081050;0.219063;0.006039;-0.000822;-0.625549;0.780161;0.006273;0.010450;-1.351733;-0.398911;-0.098710;-0.040121;-0.000259;-0.000065;-0.003903;1.814498;0.461283;0.009795;0.219063;
1580258292.342378;586623.489182;4208095.317630;-9.080957;0.219028;0.006041;-0.000820;-0.625563;0.780150;0.006279;0.010451;-1.351768;-0.427383;-0.083645;-0.010914;0.000193;-0.000031;-0.003640;1.810049;0.460552;0.009929;0.219028;
1580258292.350750;586623.507397;4208095.321985;-9.080868;0.218993;0.006049;-0.000825;-0.625576;0.780139;0.006281;0.010471;-1.351803;-0.398267;-0.117456;-0.022967;0.000409;-0.000940;-0.003586;1.806867;0.458921;0.009569;0.218993;
1580258292.365412;586623.525756;4208095.325940;-9.080796;0.218968;0.006055;-0.000839;-0.625586;0.780131;0.006267;0.010496;-1.351829;-0.726016;-0.273506;-0.095545;-0.000225;-0.003682;-0.006361;1.804123;0.456672;0.008904;0.218968;
1580258292.375287;586623.543907;4208095.330273;-9.080707;0.218938;0.006068;-0.000844;-0.625598;0.780122;0.006276;0.010525;-1.351859;-0.349096;-0.117149;0.044021;0.000855;-0.002240;-0.002972;1.801073;0.455792;0.009755;0.218938;
1580258292.381979;586623.562027;4208095.334597;-9.080631;0.218907;0.006089;-0.000846;-0.625610;0.780112;0.006299;0.010559;-1.351889;-0.318421;-0.144579;-0.060854;0.002083;-0.002581;-0.002992;1.798371;0.454499;0.008363;0.218907;
1580258292.390700;586623.580111;4208095.338902;-9.080556;0.218878;0.006100;-0.000842;-0.625621;0.780103;0.006319;0.010571;-1.351918;-0.307291;-0.159507;-0.052810;0.002139;-0.001666;-0.002957;1.795037;0.452556;0.007928;0.218878;
1580258292.406579;586623.598169;4208095.343193;-9.080466;0.218856;0.006113;-0.000846;-0.625629;0.780096;0.006329;0.010596;-1.351940;-0.323951;-0.134905;0.036555;0.001830;-0.001894;-0.002603;1.791771;0.451115;0.009331;0.218856;
1580258292.414434;586623.616369;4208095.347084;-9.080392;0.218846;0.006131;-0.000859;-0.625633;0.780093;0.006332;0.010640;-1.351950;-0.594373;-0.300143;0.024623;0.003098;-0.005815;-0.003877;1.789981;0.448686;0.009088;0.218846;
1580258292.424356;586623.634375;4208095.351338;-9.080306;0.218835;0.006147;-0.000860;-0.625638;0.780089;0.006350;0.010666;-1.351962;-0.247862;-0.198813;0.022026;0.002050;-0.002486;-0.001467;1.787543;0.446440;0.009400;0.218835;
1580258292.429702;586623.652355;4208095.355579;-9.080221;0.218820;0.006163;-0.000866;-0.625643;0.780085;0.006362;0.010699;-1.351977;-0.268467;-0.153743;0.007890;0.001980;-0.002721;-0.001465;1.784844;0.445084;0.009328;0.218820;
1580258292.450834;586623.670462;4208095.359429;-9.080131;0.218814;0.006181;-0.000865;-0.625645;0.780083;0.006385;0.010727;-1.351983;-0.585222;-0.301636;0.108437;0.004849;-0.004901;-0.002325;1.781646;0.443166;0.010539;0.218814;
1580258292.454417;586623.688390;4208095.363637;-9.080034;0.218807;0.006199;-0.000875;-0.625648;0.780080;0.006392;0.010768;-1.351990;-0.272847;-0.152243;0.036575;0.001793;-0.003363;-0.000733;1.779525;0.441295;0.010650;0.218807;
1580258292.462582;586623.706286;4208095.367832;-9.079935;0.218798;0.006212;-0.000876;-0.625651;0.780078;0.006408;0.010788;-1.351998;-0.224523;-0.138432;0.018467;0.001927;-0.002392;-0.000791;1.777265;0.439858;0.010710;0.218798;
1580258292.470361;586623.724163;4208095.372016;-9.079829;0.218803;0.006233;-0.000872;-0.625649;0.780079;0.006439;0.010816;-1.351994;-0.217281;-0.167034;0.040075;0.002797;-0.002217;-0.000140;1.775127;0.438090;0.011357;0.218803;
1580258292.485251;586623.742176;4208095.375817;-9.079730;0.218810;0.006254;-0.000863;-0.625646;0.780081;0.006479;0.010838;-1.351986;-0.439970;-0.242515;0.056415;0.006975;-0.003761;0.000491;1.772708;0.437462;0.011590;0.218810;
1580258292.493339;586623.760008;4208095.379985;-9.079618;0.218820;0.006277;-0.000860;-0.625642;0.780084;0.006514;0.010869;-1.351977;-0.246905;-0.101955;0.044577;0.003872;-0.002004;0.000772;1.770352;0.436336;0.012074;0.218820;
1580258292.501394;586623.777815;4208095.384139;-9.079508;0.218824;0.006300;-0.000857;-0.625640;0.780086;0.006546;0.010903;-1.351972;-0.252578;-0.113892;0.010124;0.003909;-0.002326;0.000588;1.768020;0.434897;0.011896;0.218824;
1580258292.511276;586623.795592;4208095.388286;-9.079394;0.218828;0.006323;-0.000849;-0.625638;0.780087;0.006587;0.010927;-1.351968;-0.238681;-0.106191;0.013817;0.004196;-0.001920;0.000536;1.765649;0.433824;0.012085;0.218828;
1580258292.526412;586623.813342;4208095.392424;-9.079272;0.218837;0.006347;-0.000837;-0.625635;0.780090;0.006637;0.010950;-1.351959;-0.260174;-0.115396;0.041761;0.004723;-0.001558;0.000722;1.762684;0.432586;0.012857;0.218837;
1580258292.534754;586623.830556;4208095.396536;-9.079622;0.218826;0.006536;-0.000938;-0.625638;0.780086;0.006716;0.011371;-1.351970;-0.437709;-0.175771;0.024692;0.013175;-0.002142;0.001802;1.760563;0.433064;0.012441;0.218826;
1580258292.545226;586623.847515;4208095.400994;-9.079888;0.218836;0.006555;-0.000913;-0.625634;0.780089;0.006779;0.011369;-1.351961;-0.224049;-0.038886;0.022500;0.006492;0.000640;0.001031;1.757415;0.432644;0.012796;0.218836;
1580258292.550232;586623.864466;4208095.405452;-9.080149;0.218847;0.006587;-0.000892;-0.625629;0.780093;0.006851;0.011394;-1.351949;-0.229659;-0.051494;0.039906;0.007028;-0.000126;0.001133;1.755246;0.432231;0.013281;0.218847;
1580258292.566361;586623.881046;4208095.409894;-9.080682;0.218864;0.006618;-0.000861;-0.625622;0.780098;0.006939;0.011403;-1.351932;-0.410700;-0.142015;0.095882;0.015462;0.000623;0.002877;1.752681;0.431739;0.013808;0.218864;
1580258292.574392;586623.897944;4208095.414352;-9.080933;0.218879;0.006653;-0.000823;-0.625616;0.780103;0.007041;0.011411;-1.351917;-0.228440;-0.048441;0.043998;0.009398;0.001202;0.001537;1.749848;0.431983;0.014110;0.218879;
1580258292.582384;586623.914819;4208095.418800;-9.081179;0.218899;0.006685;-0.000788;-0.625607;0.780109;0.007135;0.011417;-1.351897;-0.217187;-0.044222;0.050841;0.009358;0.001300;0.001891;1.747519;0.431517;0.014579;0.218899;
1580258292.590408;586623.931677;4208095.423238;-9.081416;0.218917;0.006718;-0.000757;-0.625600;0.780114;0.007225;0.011429;-1.351880;-0.200937;-0.065051;0.070377;0.009155;0.001067;0.001848;1.745600;0.430531;0.015369;0.218917;
1580258292.608503;586623.948157;4208095.427663;-9.081922;0.218933;0.006742;-0.000709;-0.625594;0.780120;0.007329;0.011406;-1.351863;-0.415117;-0.124596;0.156613;0.018763;0.005073;0.003593;1.742142;0.430032;0.016166;0.218933;
1580258292.613613;586623.964963;4208095.432093;-9.082146;0.218953;0.006770;-0.000668;-0.625586;0.780126;0.007430;0.011399;-1.351844;-0.229581;-0.064860;0.055411;0.009594;0.002861;0.002000;1.739592;0.429391;0.016434;0.218953;
1580258292.622444;586623.981744;4208095.436515;-9.082365;0.218971;0.006795;-0.000626;-0.625578;0.780131;0.007525;0.011386;-1.351826;-0.222915;-0.049824;0.050775;0.009281;0.003135;0.001948;1.737100;0.428828;0.016804;0.218971;
1580258292.631022;586623.998505;4208095.440929;-9.082574;0.218994;0.006819;-0.000588;-0.625569;0.780139;0.007615;0.011375;-1.351803;-0.225234;-0.049403;0.074528;0.008909;0.003070;0.002171;1.734663;0.428122;0.017673;0.218994;
1580258292.646506;586624.014889;4208095.445325;-9.083060;0.219026;0.006838;-0.000537;-0.625556;0.780149;0.007718;0.011342;-1.351770;-0.434231;-0.139216;0.100872;0.018121;0.008170;0.005362;1.731572;0.427220;0.017638;0.219026;
1580258292.654268;586624.031596;4208095.449720;-9.083262;0.219060;0.006858;-0.000496;-0.625543;0.780159;0.007807;0.011321;-1.351737;-0.235787;-0.070196;0.042544;0.008573;0.004160;0.003232;1.728997;0.426203;0.017996;0.219060;
1580258292.661202;586624.048283;4208095.454104;-9.083456;0.219099;0.006878;-0.000456;-0.625527;0.780172;0.007807;0.011321;-1.351737;-0.235782;-0.070209;0.042547;0.008573;0.004160;0.003232;1.726330;0.424704;0.018851;0.219099;
1580258292.669438;586624.064943;4208095.458482;-9.083651;0.219154;0.006898;-0.000410;-0.625506;0.780189;0.007990;0.011275;-1.351642;-0.215336;-0.093903;0.031039;0.008586;0.004320;0.004656;1.724075;0.423969;0.018676;0.219154;
1580258292.686409;586624.081234;4208095.462840;-9.084116;0.219219;0.006908;-0.000365;-0.625480;0.780209;0.008073;0.011237;-1.351577;-0.441980;-0.101087;0.095307;0.016080;0.009862;0.011038;1.721109;0.423529;0.019083;0.219219;
1580258292.694792;586624.097860;4208095.467200;-9.084310;0.219290;0.006924;-0.000331;-0.625452;0.780232;0.008145;0.011218;-1.351506;-0.210972;-0.052367;-0.040737;0.007044;0.003894;0.006579;1.719322;0.422565;0.018074;0.219290;
1580258292.702502;586624.114455;4208095.471547;-9.084499;0.219371;0.006935;-0.000300;-0.625421;0.780257;0.008207;0.011198;-1.351425;-0.232393;-0.059474;0.011961;0.006227;0.003548;0.007473;1.716777;0.421471;0.018474;0.219371;
1580258292.711368;586624.131021;4208095.475892;-9.084683;0.219457;0.006943;-0.000263;-0.625387;0.780284;0.008274;0.011163;-1.351340;-0.239862;-0.043663;0.043309;0.006019;0.004217;0.008071;1.713772;0.421046;0.019125;0.219457;
1580258292.725309;586624.147228;4208095.480220;-9.085154;0.219562;0.006949;-0.000224;-0.625346;0.780317;0.008342;0.011125;-1.351234;-0.417333;-0.090634;-0.029310;0.011907;0.009302;0.018285;1.711391;0.420346;0.018023;0.219562;
1580258292.735299;586624.163755;4208095.484553;-9.085351;0.219673;0.006954;-0.000191;-0.625302;0.780352;0.008399;0.011092;-1.351123;-0.239057;-0.028205;-0.053154;0.005208;0.004596;0.010537;1.708648;0.419858;0.017227;0.219673;
1580258292.743418;586624.180262;4208095.488882;-9.085546;0.219798;0.006964;-0.000163;-0.625254;0.780391;0.008454;0.011073;-1.350998;-0.233574;-0.024734;-0.011270;0.005040;0.003708;0.011671;1.706555;0.419505;0.017326;0.219798;
1580258292.750291;586624.196744;4208095.493208;-9.085743;0.219933;0.006974;-0.000130;-0.625201;0.780433;0.008518;0.011048;-1.350864;-0.211629;-0.045391;-0.009330;0.005391;0.003784;0.012606;1.704395;0.418969;0.017174;0.219933;
1580258292.766410;586624.212864;4208095.497519;-9.086229;0.220084;0.006978;-0.000101;-0.625142;0.780480;0.008568;0.011018;-1.350712;-0.453868;-0.023377;-0.103261;0.009787;0.007924;0.027336;1.701545;0.418907;0.015922;0.220084;
1580258292.776432;586624.229301;4208095.501836;-9.086443;0.220243;0.006985;-0.000078;-0.625080;0.780530;0.008568;0.011018;-1.350712;-0.453867;-0.023445;-0.103250;0.009786;0.007924;0.027337;1.699190;0.418510;0.014907;0.220243;
1580258292.781299;586624.245728;4208095.506150;-9.086664;0.220411;0.006995;-0.000060;-0.625014;0.780582;0.008651;0.010996;-1.350385;-0.228728;-0.028289;-0.074185;0.003948;0.002061;0.016177;1.697218;0.417886;0.014061;0.220411;
1580258292.791251;586624.262125;4208095.510470;-9.086891;0.220584;0.007007;-0.000036;-0.624946;0.780636;0.008701;0.010985;-1.350212;-0.214198;-0.002380;-0.067395;0.004321;0.002137;0.016745;1.694975;0.418256;0.013376;0.220584;
1580258292.816592;586624.278158;4208095.514780;-9.087411;0.220784;0.007016;-0.000014;-0.624868;0.780699;0.008747;0.010973;-1.350012;-0.448463;0.053247;-0.207267;0.008556;0.004573;0.036250;1.692346;0.418687;0.011637;0.220784;
1580258292.816789;586624.294526;4208095.519098;-9.087666;0.220982;0.007032;-0.000003;-0.624791;0.780761;0.008783;0.010984;-1.349815;-0.188698;0.007781;-0.133569;0.003898;0.000454;0.019389;1.691088;0.418485;0.010071;0.220982;
1580258292.822154;586624.310881;4208095.523420;-9.087931;0.221191;0.007043;0.000005;-0.624709;0.780826;0.008808;0.010992;-1.349606;-0.136997;0.057069;-0.113836;0.003183;0.000088;0.020243;1.690082;0.419049;0.008958;0.221191;
1580258292.830889;586624.327231;4208095.527750;-9.088204;0.221412;0.007054;0.000013;-0.624622;0.780895;0.008834;0.011001;-1.349384;-0.088632;0.075438;-0.093467;0.002983;-0.000087;0.021235;1.689532;0.419837;0.008118;0.221412;
1580258292.845167;586624.343246;4208095.532073;-9.088787;0.221650;0.007073;0.000017;-0.624529;0.780969;0.008862;0.011028;-1.349146;-0.080610;0.131214;-0.370627;0.006294;-0.001777;0.044591;1.689899;0.420346;0.004881;0.221650;
1580258292.854191;586624.359607;4208095.536420;-9.089099;0.221880;0.007094;0.000014;-0.624439;0.781041;0.008882;0.011063;-1.348916;-0.003049;0.104129;-0.142938;0.002882;-0.002337;0.022932;1.690355;0.421467;0.003670;0.221880;
1580258292.862174;586624.375978;4208095.540778;-9.089429;0.222115;0.007116;0.000006;-0.624347;0.781114;0.008896;0.011109;-1.348681;0.009450;0.125389;-0.154563;0.002585;-0.003380;0.023224;1.690857;0.422707;0.001908;0.222115;
1580258292.871264;586624.392351;4208095.545141;-9.089781;0.222364;0.007137;-0.000008;-0.624250;0.781192;0.008899;0.011161;-1.348433;0.052929;0.124620;-0.184647;0.002008;-0.004185;0.024061;1.691986;0.423618;-0.000366;0.222364;
1580258292.886192;586624.408422;4208095.549499;-9.090423;0.222614;0.007157;-0.000039;-0.624152;0.781270;0.008873;0.011232;-1.348182;0.198148;0.270501;-0.321346;0.001435;-0.011168;0.048920;1.694161;0.424232;-0.001932;0.222614;
1580258292.894073;586624.424849;4208095.553889;-9.090802;0.222878;0.007184;-0.000069;-0.624049;0.781352;0.008859;0.011313;-1.347919;0.185666;0.152523;-0.138270;0.000404;-0.007408;0.025692;1.696829;0.425821;-0.003347;0.222878;
1580258292.901236;586624.441297;4208095.558295;-9.091190;0.223151;0.007210;-0.000101;-0.623942;0.781437;0.008841;0.011395;-1.347646;0.230674;0.171092;-0.108671;0.000215;-0.007976;0.026582;1.699543;0.427538;-0.004313;0.223151;
1580258292.909857;586624.457777;4208095.562718;-9.091590;0.223418;0.007237;-0.000133;-0.623837;0.781521;0.008823;0.011479;-1.347378;0.255510;0.166637;-0.111223;0.000159;-0.008253;0.026654;1.702291;0.429099;-0.005552;0.223418;
1580258292.926219;586624.473958;4208095.567146;-9.092282;0.223697;0.007263;-0.000179;-0.623728;0.781608;0.008781;0.011577;-1.347100;0.580036;0.422035;-0.223758;-0.001346;-0.018322;0.054239;1.705863;0.431126;-0.006827;0.223697;
1580258292.934295;586624.490508;4208095.571602;-9.092702;0.223974;0.007290;-0.000228;-0.623620;0.781694;0.008735;0.011682;-1.346822;0.274889;0.197044;-0.075301;-0.001740;-0.010633;0.027559;1.708826;0.432593;-0.007620;0.223974;
1580258292.942136;586624.507087;4208095.576071;-9.093129;0.224246;0.007318;-0.000283;-0.623513;0.781779;0.008685;0.011795;-1.346550;0.302774;0.166091;-0.065475;-0.002093;-0.011522;0.027349;1.712328;0.433811;-0.008321;0.224246;
1580258292.950238;586624.523709;4208095.580563;-9.093563;0.224525;0.007347;-0.000339;-0.623404;0.781866;0.008631;0.011911;-1.346271;0.325960;0.189150;-0.071166;-0.002388;-0.012018;0.027594;1.715863;0.435750;-0.009204;0.224525;
1580258292.965987;586624.540027;4208095.585055;-9.094278;0.224815;0.007370;-0.000402;-0.623290;0.781956;0.008559;0.012028;-1.345981;0.719152;0.407372;-0.094815;-0.006533;-0.024788;0.056364;1.719901;0.437321;-0.009588;0.224815;
1580258292.974229;586624.556728;4208095.589582;-9.094723;0.225100;0.007395;-0.000463;-0.623179;0.782044;0.008493;0.012144;-1.345696;0.413716;0.205607;-0.062861;-0.003701;-0.012690;0.028344;1.724055;0.439282;-0.010462;0.225100;
1580258292.982126;586624.573466;4208095.594128;-9.095168;0.225390;0.007418;-0.000525;-0.623065;0.782135;0.008424;0.012258;-1.345406;0.406903;0.202931;-0.024193;-0.004000;-0.012708;0.028647;1.727884;0.441108;-0.010507;0.225390;
1580258292.990213;586624.590256;4208095.598690;-9.095615;0.225685;0.007444;-0.000593;-0.622949;0.782227;0.008347;0.012385;-1.345111;0.428009;0.191728;-0.016960;-0.004310;-0.013376;0.029058;1.732496;0.442725;-0.010724;0.225685;
1580258293.006306;586624.606760;4208095.603266;-9.096347;0.225990;0.007477;-0.000661;-0.622830;0.782321;0.008280;0.012522;-1.344807;0.943877;0.380941;-0.071216;-0.007982;-0.028088;0.059116;1.737742;0.444800;-0.011441;0.225990;
1580258293.011175;586624.623651;4208095.607874;-9.096799;0.226303;0.007510;-0.000725;-0.622707;0.782419;0.008220;0.012656;-1.344493;0.508981;0.171707;-0.013027;-0.003172;-0.014287;0.030760;1.742864;0.446649;-0.011550;0.226303;
1580258293.022251;586624.640609;4208095.612504;-9.097259;0.226616;0.007547;-0.000790;-0.622585;0.782516;0.008162;0.012797;-1.344180;0.571169;0.180950;-0.045088;-0.002822;-0.014713;0.031000;1.749077;0.448665;-0.012339;0.226616;
1580258293.030698;586624.657615;4208095.617154;-9.097724;0.226939;0.007585;-0.000850;-0.622458;0.782616;0.008113;0.012932;-1.343857;0.591574;0.183626;-0.061365;-0.002268;-0.014494;0.031629;1.754878;0.450751;-0.013181;0.226939;
1580258293.046774;586624.674662;4208095.621814;-9.098189;0.227269;0.007616;-0.000908;-0.622329;0.782718;0.008059;0.013054;-1.343528;0.529982;0.153735;-0.036037;-0.002382;-0.013855;0.032214;1.758931;0.451836;-0.013329;0.227269;
1580258293.054425;586624.691438;4208095.626479;-9.098923;0.227611;0.007659;-0.000978;-0.622194;0.782825;0.008000;0.013208;-1.343185;1.051115;0.304321;0.038887;-0.004802;-0.029563;0.065807;1.764538;0.453402;-0.012509;0.227611;
1580258293.064430;586624.708605;4208095.631177;-9.099382;0.227960;0.007695;-0.001038;-0.622057;0.782933;0.007949;0.013340;-1.342836;0.577545;0.173324;0.009982;-0.002083;-0.014522;0.034170;1.770002;0.455251;-0.012622;0.227960;
1580258293.070496;586624.725845;4208095.635898;-9.099843;0.228309;0.007733;-0.001098;-0.621921;0.783041;0.007900;0.013477;-1.342488;0.642765;0.185562;-0.006459;-0.001850;-0.014454;0.034464;1.776845;0.457302;-0.012932;0.228309;
1580258293.085408;586624.742827;4208095.640636;-9.100588;0.228670;0.007781;-0.001155;-0.621779;0.783153;0.007868;0.013624;-1.342127;1.451834;0.388696;-0.060809;-0.001915;-0.029829;0.070272;1.784619;0.459822;-0.013625;0.228670;
1580258293.094594;586624.760196;4208095.645400;-9.101047;0.229034;0.007819;-0.001208;-0.621636;0.783266;0.007829;0.013750;-1.341763;0.679169;0.206258;0.039995;-0.000867;-0.013592;0.035986;1.790576;0.461836;-0.012935;0.229034;
1580258293.102992;586624.777646;4208095.650190;-9.101501;0.229399;0.007868;-0.001270;-0.621493;0.783379;0.007792;0.013907;-1.341398;0.648260;0.205849;0.050777;-0.000447;-0.014985;0.036247;1.797298;0.464058;-0.012444;0.229399;
1580258293.110048;586624.795174;4208095.655001;-9.101962;0.229769;0.007915;-0.001333;-0.621347;0.783494;0.007748;0.014060;-1.341027;0.677513;0.209075;-0.000639;-0.000599;-0.015438;0.036599;1.804386;0.466067;-0.013065;0.229769;
1580258293.126446;586624.812432;4208095.659817;-9.102691;0.230151;0.007961;-0.001401;-0.621197;0.783613;0.007696;0.014217;-1.340646;1.486103;0.455616;0.061474;-0.002123;-0.031790;0.074556;1.812571;0.468391;-0.012517;0.230151;
1580258293.136354;586624.830100;4208095.664678;-9.103141;0.230536;0.008005;-0.001459;-0.621046;0.783732;0.007657;0.014361;-1.340260;0.779593;0.249978;0.021642;-0.000627;-0.015290;0.038085;1.819917;0.471062;-0.012503;0.230536;
1580258293.141124;586624.847843;4208095.669560;-9.103586;0.230924;0.008044;-0.001517;-0.620893;0.783852;0.007613;0.014495;-1.339872;0.760902;0.246690;0.042852;-0.000993;-0.014640;0.038447;1.826867;0.473286;-0.012006;0.230924;
1580258293.149304;586624.865664;4208095.674472;-9.104017;0.231303;0.008093;-0.001579;-0.620744;0.783970;0.007571;0.014650;-1.339493;0.708330;0.240921;0.093793;-0.000722;-0.015341;0.038137;1.833605;0.475742;-0.010662;0.231303;
1580258293.166295;586624.883557;4208095.679407;-9.104441;0.231685;0.008144;-0.001643;-0.620594;0.784088;0.007532;0.014812;-1.339111;0.724502;0.235497;0.094827;-0.000442;-0.015921;0.038142;1.841139;0.478133;-0.009795;0.231685;
1580258293.174272;586624.901188;4208095.684372;-9.105127;0.232069;0.008193;-0.001693;-0.620443;0.784207;0.007512;0.014950;-1.338727;1.580557;0.548540;0.231935;0.000237;-0.030273;0.076455;1.849321;0.481967;-0.008388;0.232069;
1580258293.181981;586624.919252;4208095.689382;-9.105532;0.232453;0.008242;-0.001746;-0.620292;0.784325;0.007487;0.015096;-1.338344;0.888537;0.330677;0.069672;0.000760;-0.014856;0.038282;1.858537;0.485645;-0.008225;0.232453;
1580258293.190230;586624.937407;4208095.694424;-9.105934;0.232833;0.008288;-0.001795;-0.620143;0.784443;0.007464;0.015230;-1.337963;0.951762;0.335077;0.047112;0.000776;-0.014226;0.038156;1.868193;0.489013;-0.008060;0.232833;
1580258293.205206;586624.955319;4208095.699502;-9.106599;0.233217;0.008341;-0.001838;-0.619992;0.784562;0.007459;0.015368;-1.337580;1.919823;0.702201;0.153677;0.003188;-0.027884;0.076346;1.877248;0.493289;-0.007074;0.233217;
1580258293.214504;586624.973656;4208095.704622;-9.106979;0.233600;0.008386;-0.001882;-0.619841;0.784680;0.007444;0.015494;-1.337196;0.940621;0.364434;0.104262;0.001598;-0.013086;0.038348;1.886072;0.496734;-0.005967;0.233600;
1580258293.222374;586624.992091;4208095.709776;-9.107347;0.233981;0.008434;-0.001925;-0.619691;0.784798;0.007432;0.015625;-1.336816;0.930735;0.325219;0.107157;0.001779;-0.013010;0.038160;1.895090;0.499735;-0.004959;0.233981;
1580258293.230259;586625.010620;4208095.714976;-9.107712;0.234356;0.008488;-0.001965;-0.619543;0.784914;0.007433;0.015760;-1.336440;0.941494;0.347486;0.068232;0.002485;-0.013092;0.037852;1.904481;0.503741;-0.004728;0.234356;
1580258293.246362;586625.028884;4208095.720198;-9.108352;0.234721;0.008541;-0.001994;-0.619400;0.785027;0.007452;0.015881;-1.336075;1.874939;0.647867;0.079435;0.006748;-0.024606;0.074526;1.912966;0.507144;-0.004813;0.234721;
1580258293.255047;586625.047606;4208095.725470;-9.108709;0.235101;0.008602;-0.002030;-0.619250;0.785144;0.007467;0.016022;-1.335696;0.981672;0.328264;0.037125;0.004438;-0.012936;0.037707;1.923257;0.510860;-0.004512;0.235101;
1580258293.262368;586625.066452;4208095.730783;-9.109061;0.235482;0.008664;-0.002070;-0.619100;0.785262;0.007478;0.016171;-1.335314;1.105359;0.380807;0.046336;0.004457;-0.013667;0.037951;1.935445;0.515050;-0.004083;0.235482;
1580258293.270516;586625.085426;4208095.736131;-9.109406;0.235868;0.008728;-0.002113;-0.618948;0.785381;0.007485;0.016326;-1.334929;1.219023;0.370643;0.059666;0.004403;-0.014264;0.038271;1.948847;0.518588;-0.003463;0.235868;
1580258293.286141;586625.104513;4208095.741513;-9.109744;0.236257;0.008790;-0.002151;-0.618794;0.785501;0.007500;0.016473;-1.334540;1.245377;0.347201;0.066453;0.004610;-0.014122;0.038579;1.961347;0.521839;-0.002804;0.236257;
1580258293.294739;586625.123334;4208095.746936;-9.110346;0.236652;0.008841;-0.002166;-0.618638;0.785623;0.007537;0.016572;-1.334144;2.278764;0.755284;0.184023;0.010254;-0.024065;0.077922;1.969264;0.526280;-0.001543;0.236652;
1580258293.302184;586625.142612;4208095.752391;-9.110661;0.237036;0.008902;-0.002200;-0.618487;0.785742;0.007556;0.016712;-1.333761;0.959901;0.304742;0.110560;0.005173;-0.012456;0.038691;1.978103;0.528686;-0.000512;0.237036;
1580258293.310071;586625.161976;4208095.757876;-9.110965;0.237414;0.008967;-0.002231;-0.618338;0.785858;0.007583;0.016853;-1.333383;0.894707;0.268957;0.109412;0.005561;-0.012767;0.038272;1.986393;0.531182;0.000487;0.237414;
1580258293.326136;586625.181135;4208095.763402;-9.111518;0.237800;0.009036;-0.002261;-0.618185;0.785977;0.007619;0.017001;-1.332996;2.218506;0.705071;0.363108;0.012297;-0.026200;0.076800;2.000484;0.536130;0.003052;0.237800;
1580258293.334104;586625.200770;4208095.768971;-9.111789;0.238194;0.009093;-0.002286;-0.618030;0.786099;0.007646;0.017123;-1.332602;1.433450;0.382442;0.116937;0.005840;-0.011941;0.039150;2.015268;0.539718;0.003690;0.238194;
1580258293.342009;586625.220537;4208095.774584;-9.112047;0.238594;0.009142;-0.002304;-0.617872;0.786222;0.007675;0.017224;-1.332202;1.511507;0.447548;0.116294;0.005483;-0.010351;0.039655;2.030017;0.544484;0.004762;0.238594;
1580258293.350096;586625.240433;4208095.780257;-9.112294;0.239005;0.009193;-0.002314;-0.617710;0.786349;0.007719;0.017318;-1.331792;1.403343;0.480636;0.109215;0.006008;-0.009234;0.040403;2.042233;0.549821;0.005728;0.239005;
1580258293.366839;586625.260066;4208095.785938;-9.112816;0.239401;0.009246;-0.002324;-0.617553;0.786471;0.007766;0.017416;-1.331395;2.231604;0.707987;0.153201;0.012608;-0.017659;0.080339;2.048957;0.551763;0.006107;0.239401;
1580258293.376454;586625.280172;4208095.791677;-9.113038;0.239799;0.009306;-0.002336;-0.617396;0.786594;0.007817;0.017526;-1.330997;1.033889;0.324067;0.168782;0.007243;-0.009259;0.039885;2.059328;0.555436;0.008102;0.239799;
1580258293.381902;586625.300399;4208095.797456;-9.113249;0.240201;0.009362;-0.002350;-0.617237;0.786718;0.007860;0.017632;-1.330596;1.204517;0.411939;0.145342;0.006909;-0.009275;0.040080;2.072527;0.560043;0.009262;0.240201;
1580258293.389994;586625.320774;4208095.803275;-9.113453;0.240616;0.009414;-0.002374;-0.617073;0.786846;0.007884;0.017745;-1.330180;1.337575;0.447158;0.101969;0.005975;-0.009835;0.040828;2.087272;0.564357;0.009712;0.240616;
1580258293.405822;586625.341280;4208095.809141;-9.113665;0.241047;0.009465;-0.002401;-0.616903;0.786978;0.007901;0.017861;-1.329749;1.365873;0.474984;0.022821;0.005252;-0.010332;0.041906;2.101278;0.569028;0.008869;0.241047;
1580258293.413971;586625.361540;4208095.815062;-9.114130;0.241477;0.009529;-0.002375;-0.616733;0.787111;0.008016;0.017931;-1.329320;2.628592;0.792012;0.136699;0.015794;-0.015960;0.084794;2.111621;0.573644;0.010547;0.241477;
1580258293.421815;586625.382279;4208095.821056;-9.114315;0.241898;0.009599;-0.002348;-0.616567;0.787241;0.008141;0.018010;-1.328899;1.362347;0.445653;0.067401;0.012056;-0.005742;0.042395;2.124909;0.579927;0.010918;0.241898;
1580258293.430506;586625.403187;4208095.827104;-9.114510;0.242334;0.009666;-0.002340;-0.616394;0.787375;0.008141;0.018010;-1.328899;1.362146;0.446242;0.067549;0.012056;-0.005742;0.042396;2.140391;0.586477;0.009791;0.242334;
1580258293.448437;586625.423951;4208095.833169;-9.114999;0.242779;0.009746;-0.002390;-0.616218;0.787512;0.008249;0.018296;-1.328017;2.985740;1.131934;-0.165965;0.018375;-0.022774;0.087543;2.158581;0.590643;0.007711;0.242779;
1580258293.454345;586625.445176;4208095.839325;-9.115204;0.243209;0.009827;-0.002386;-0.616047;0.787644;0.008350;0.018422;-1.327587;1.580954;0.473545;-0.031571;0.011416;-0.010825;0.043391;2.173706;0.596150;0.007806;0.243209;
1580258293.461959;586625.466522;4208095.845551;-9.115401;0.243633;0.009899;-0.002345;-0.615880;0.787775;0.008501;0.018486;-1.327163;1.559800;0.502179;0.029090;0.014087;-0.006212;0.042970;2.186737;0.602659;0.008659;0.243633;
1580258293.470339;586625.488034;4208095.851832;-9.115598;0.244064;0.009975;-0.002327;-0.615709;0.787907;0.008618;0.018585;-1.326732;1.511658;0.576593;0.032443;0.013909;-0.006493;0.043137;2.201328;0.609029;0.008909;0.244064;
1580258293.485687;586625.509459;4208095.858139;-9.116111;0.244528;0.010087;-0.002387;-0.615525;0.788049;0.008657;0.018839;-1.326268;3.206407;1.161734;-0.259933;0.024251;-0.027894;0.089165;2.222726;0.613831;0.005014;0.244528;
1580258293.494076;586625.531322;4208095.864537;-9.116341;0.244961;0.010175;-0.002383;-0.615353;0.788182;0.008768;0.018974;-1.325836;1.723904;0.597071;-0.094591;0.013264;-0.012304;0.044007;2.238611;0.620523;0.004547;0.244961;
1580258293.503037;586625.553335;4208095.871010;-9.116563;0.245385;0.010250;-0.002357;-0.615185;0.788313;0.008896;0.019062;-1.325412;1.604560;0.626732;0.014590;0.014014;-0.008482;0.043239;2.251728;0.627363;0.005542;0.245385;
1580258293.510601;586625.575494;4208095.877518;-9.116779;0.245819;0.010338;-0.002374;-0.615013;0.788446;0.008974;0.019223;-1.324978;1.436954;0.594341;0.067104;0.012729;-0.011107;0.043389;2.265525;0.632322;0.006541;0.245819;
1580258293.525894;586625.597867;4208095.884077;-9.117004;0.246264;0.010450;-0.002431;-0.614836;0.788582;0.009018;0.019472;-1.324532;1.486377;0.562056;0.021140;0.011626;-0.016574;0.043953;2.283417;0.636975;0.005981;0.246264;
1580258293.533868;586625.620394;4208095.890711;-9.117211;0.246701;0.010531;-0.002444;-0.614662;0.788716;0.009093;0.019618;-1.324096;3.367381;1.212166;0.123790;0.022648;-0.030785;0.087771;2.301451;0.643571;0.007402;0.246701;
1580258293.541667;586625.643386;4208095.897409;-9.117132;0.247153;0.010606;-0.002454;-0.614483;0.788855;0.009164;0.019750;-1.323644;1.626129;0.596439;0.101334;0.010617;-0.012183;0.044729;2.316447;0.648992;0.008415;0.247153;
1580258293.550828;586625.666587;4208095.904161;-9.117058;0.247596;0.010701;-0.002486;-0.614307;0.788991;0.009226;0.019942;-1.323201;1.662464;0.530388;0.026351;0.010648;-0.014647;0.044577;2.334632;0.653655;0.007902;0.247596;
1580258293.564954;586625.689941;4208095.910985;-9.116978;0.248026;0.010778;-0.002510;-0.614136;0.789123;0.009279;0.020096;-1.322770;3.336976;1.264965;0.077959;0.020082;-0.028821;0.087772;2.350783;0.660860;0.008659;0.248026;
1580258293.576821;586625.713465;4208095.917870;-9.116886;0.248479;0.010858;-0.002543;-0.613956;0.789261;0.009321;0.020264;-1.322317;1.648751;0.670550;0.095926;0.008601;-0.014650;0.044887;2.367756;0.667118;0.009646;0.248479;
1580258293.581788;586625.737166;4208095.924805;-9.116809;0.248924;0.010948;-0.002589;-0.613779;0.789397;0.009355;0.020464;-1.321872;1.734030;0.582840;-0.049343;0.008400;-0.016834;0.044722;2.386824;0.672153;0.007970;0.248924;
1580258293.594718;586625.761052;4208095.931813;-9.116728;0.249364;0.011027;-0.002617;-0.613605;0.789532;0.009402;0.020626;-1.321433;1.838254;0.603667;-0.031830;0.008461;-0.015666;0.044368;2.405685;0.678420;0.007840;0.249364;
1580258293.604856;586625.785113;4208095.938924;-9.116613;0.249826;0.011111;-0.002635;-0.613421;0.789673;0.009472;0.020781;-1.320971;3.640164;1.453246;0.226406;0.018575;-0.029056;0.090512;2.423224;0.687848;0.010575;0.249826;
1580258293.612786;586625.809344;4208095.946087;-9.116530;0.250273;0.011196;-0.002649;-0.613244;0.789810;0.009550;0.020936;-1.320524;1.885596;0.641439;-0.135469;0.010831;-0.013726;0.045027;2.441942;0.694192;0.008008;0.250273;
1580258293.622685;586625.833762;4208095.953311;-9.116445;0.250745;0.011267;-0.002674;-0.613056;0.789954;0.009593;0.021081;-1.320052;1.831657;0.688515;-0.055259;0.009140;-0.013287;0.046297;2.459572;0.700600;0.008017;0.250745;
1580258293.630498;586625.858383;4208095.960621;-9.116342;0.251217;0.011358;-0.002720;-0.612868;0.790099;0.009593;0.021081;-1.320052;1.831341;0.689386;-0.054858;0.009138;-0.013287;0.046297;2.477598;0.708496;0.010058;0.251217;
1580258293.648274;586625.883193;4208095.968004;-9.116270;0.251667;0.011458;-0.002758;-0.612689;0.790236;0.009684;0.021490;-1.319130;1.814001;0.699898;-0.055815;0.009627;-0.017215;0.046017;2.497090;0.715350;0.007926;0.251667;
1580258293.653810;586625.908138;4208095.975443;-9.116180;0.252140;0.011524;-0.002770;-0.612501;0.790381;0.009741;0.021611;-1.318656;3.658922;1.360090;-0.009046;0.018545;-0.028754;0.093101;2.513862;0.721689;0.009123;0.252140;
1580258293.661801;586625.933305;4208095.982970;-9.116104;0.252603;0.011619;-0.002807;-0.612317;0.790522;0.009794;0.021809;-1.318193;1.841059;0.728752;-0.052199;0.009586;-0.016239;0.046573;2.533603;0.729506;0.007705;0.252603;
1580258293.669885;586625.958650;4208095.990563;-9.116051;0.253075;0.011696;-0.002834;-0.612129;0.790666;0.009840;0.021966;-1.317722;1.920373;0.734020;-0.159806;0.008977;-0.015135;0.046922;2.553041;0.736587;0.005033;0.253075;
1580258293.685809;586625.984204;4208095.998235;-9.115989;0.253548;0.011774;-0.002876;-0.611941;0.790810;0.009865;0.022144;-1.317249;3.898270;1.554995;-0.157235;0.016038;-0.031194;0.094250;2.573388;0.744392;0.004996;0.253548;
1580258293.693810;586626.009928;4208096.005969;-9.115949;0.254019;0.011844;-0.002915;-0.611754;0.790954;0.009883;0.022304;-1.316777;1.829408;0.702442;-0.133247;0.006562;-0.015487;0.047148;2.590632;0.750284;0.003447;0.254019;
1580258293.701846;586626.035851;4208096.013782;-9.115897;0.254493;0.011924;-0.002964;-0.611565;0.791099;0.009897;0.022493;-1.316303;1.859195;0.729417;0.020127;0.006335;-0.016893;0.047313;2.610133;0.757669;0.004819;0.254493;
1580258293.709913;586626.061979;4208096.021678;-9.115869;0.254975;0.012010;-0.003021;-0.611373;0.791245;0.009907;0.022702;-1.315821;1.922138;0.775175;-0.087048;0.006283;-0.018424;0.047776;2.630698;0.765828;0.002865;0.254975;
1580258293.724768;586626.088265;4208096.029622;-9.115846;0.255445;0.012072;-0.003071;-0.611187;0.791388;0.009898;0.022864;-1.315352;3.796917;1.441672;-0.145055;0.009709;-0.034267;0.094864;2.649130;0.771791;0.002674;0.255445;
1580258293.732929;586626.114792;4208096.037674;-9.115833;0.255922;0.012156;-0.003133;-0.610997;0.791533;0.009899;0.023074;-1.314874;1.893116;0.804308;-0.114566;0.005233;-0.019349;0.047534;2.668773;0.780417;0.000861;0.255922;
1580258293.741961;586626.141470;4208096.045784;-9.115831;0.256390;0.012216;-0.003195;-0.610811;0.791676;0.009867;0.023247;-1.314406;1.924764;0.843193;-0.109445;0.002998;-0.018317;0.047114;2.687785;0.788066;-0.000277;0.256390;
1580258293.749203;586626.168387;4208096.053983;-9.115818;0.256858;0.012284;-0.003268;-0.610625;0.791818;0.009829;0.023446;-1.313939;2.023628;0.831523;0.005877;0.002199;-0.019283;0.046866;2.709485;0.795875;0.000866;0.256858;
1580258293.765717;586626.195483;4208096.062249;-9.115815;0.257343;0.012345;-0.003351;-0.610432;0.791965;0.009766;0.023647;-1.313453;3.949938;1.637681;-0.015076;0.001720;-0.040273;0.095155;2.728879;0.802982;0.000693;0.257343;
1580258293.773736;586626.222774;4208096.070607;-9.115805;0.257815;0.012407;-0.003425;-0.610244;0.792109;0.009719;0.023837;-1.312981;1.998486;0.820418;0.030955;0.000374;-0.019711;0.047282;2.748972;0.811230;0.001081;0.257815;
1580258293.780959;586626.250262;4208096.079048;-9.115798;0.258292;0.012465;-0.003500;-0.610055;0.792254;0.009666;0.024024;-1.312504;1.955820;0.826585;-0.001878;-0.000072;-0.019518;0.047416;2.768103;0.819319;0.000785;0.258292;
1580258293.789961;586626.277929;4208096.087565;-9.115775;0.258759;0.012521;-0.003578;-0.609869;0.792395;0.009604;0.024210;-1.312037;1.910491;0.816123;0.080516;-0.000620;-0.019539;0.047014;2.786791;0.827106;0.002374;0.258759;
1580258293.805726;586626.305793;4208096.096150;-9.115754;0.259232;0.012555;-0.003671;-0.609681;0.792539;0.009494;0.024379;-1.311564;3.820210;1.681288;0.117995;-0.006069;-0.038765;0.093946;2.805824;0.834183;0.002476;0.259232;
1580258293.813745;586626.333858;4208096.104821;-9.115721;0.259702;0.012597;-0.003758;-0.609495;0.792681;0.009401;0.024555;-1.311094;1.943635;0.783667;0.091849;-0.004238;-0.019368;0.046887;2.825455;0.841552;0.003668;0.259702;
1580258293.821681;586626.362102;4208096.113577;-9.115680;0.260175;0.012635;-0.003837;-0.609307;0.792825;0.009317;0.024712;-1.310621;1.994842;0.810402;0.087040;-0.004153;-0.018271;0.047011;2.845270;0.849895;0.004516;0.260175;
1580258293.829835;586626.390534;4208096.122425;-9.115626;0.260643;0.012667;-0.003906;-0.609121;0.792966;0.009239;0.024850;-1.310154;1.938242;0.842247;0.108899;-0.004048;-0.016775;0.046771;2.863391;0.858677;0.005842;0.260643;
1580258293.844682;586626.419145;4208096.131332;-9.115562;0.261114;0.012684;-0.003981;-0.608934;0.793109;0.009135;0.024971;-1.309683;3.868182;1.608624;0.211724;-0.010564;-0.031414;0.093693;2.882098;0.865330;0.006631;0.261114;
1580258293.853024;586626.447957;4208096.140324;-9.115491;0.261580;0.012705;-0.004056;-0.608749;0.793251;0.009037;0.025097;-1.309216;1.914791;0.761601;0.084896;-0.006006;-0.015056;0.046535;2.900901;0.872684;0.007530;0.261580;
1580258293.861727;586626.476959;4208096.149395;-9.115403;0.262047;0.012725;-0.004132;-0.608564;0.793392;0.008934;0.025224;-1.308749;1.944464;0.791815;0.138339;-0.006342;-0.014948;0.046464;2.920534;0.880667;0.009318;0.262047;
1580258293.869736;586626.506170;4208096.158558;-9.115308;0.262507;0.012742;-0.004211;-0.608382;0.793531;0.008823;0.025348;-1.308289;2.009724;0.861791;0.116908;-0.006921;-0.014930;0.046088;2.941288;0.889687;0.010249;0.262507;
1580258293.885705;586626.535582;4208096.167794;-9.115230;0.262973;0.012752;-0.004272;-0.608197;0.793673;0.008733;0.025441;-1.307823;4.245733;1.584180;-0.030236;-0.013367;-0.027036;0.092531;2.962734;0.896757;0.008561;0.262973;
1580258293.893923;586626.565186;4208096.177112;-9.115127;0.263442;0.012760;-0.004328;-0.608011;0.793814;0.008648;0.025525;-1.307355;2.033277;0.742616;0.123978;-0.006185;-0.011130;0.046445;2.981814;0.904260;0.010666;0.263442;
1580258293.900854;586626.594992;4208096.186515;-9.115018;0.263906;0.012768;-0.004386;-0.607826;0.793955;0.008560;0.025608;-1.306890;1.940842;0.781815;0.096152;-0.006283;-0.010670;0.046322;3.000293;0.912334;0.011411;0.263906;
1580258293.909263;586626.624989;4208096.195987;-9.114897;0.264360;0.012775;-0.004449;-0.607646;0.794092;0.008462;0.025699;-1.306436;1.976790;0.780371;0.109157;-0.006695;-0.011004;0.045718;3.020605;0.919919;0.012607;0.264360;
1580258293.925731;586626.655172;4208096.205525;-9.114775;0.264802;0.012773;-0.004496;-0.607471;0.794226;0.008380;0.025754;-1.305994;3.973675;1.390246;0.146679;-0.013245;-0.019383;0.090041;3.039300;0.925860;0.013072;0.264802;
1580258293.934487;586626.685540;4208096.215142;-9.114632;0.265246;0.012770;-0.004534;-0.607295;0.794361;0.008310;0.025798;-1.305551;1.995594;0.696976;0.142730;-0.005911;-0.006982;0.044377;3.058710;0.933226;0.014833;0.265246;
1580258293.941603;586626.716110;4208096.224836;-9.114491;0.265694;0.012762;-0.004570;-0.607117;0.794496;0.008237;0.025832;-1.305103;2.029715;0.741590;0.052458;-0.006053;-0.006001;0.044504;3.078797;0.940911;0.014655;0.265694;
1580258293.949861;586626.746878;4208096.234595;-9.114340;0.266132;0.012742;-0.004616;-0.606944;0.794629;0.008134;0.025857;-1.304664;1.962563;0.751136;0.070127;-0.007686;-0.005564;0.044052;3.097579;0.947721;0.015467;0.266132;
